day,opentime,openprice,closetime,closeprice
2019/8/2,2019/8/2 9:01,2036,2019/8/2 14:58,2050
2019/8/5,2019/8/5 9:01,2050,2019/8/5 14:58,2034.5
2019/8/6,2019/8/6 9:01,2054,2019/8/6 14:58,2038
2019/8/7,2019/8/7 9:01,2055.5,2019/8/7 14:58,2064.5
2019/8/8,2019/8/8 9:01,2010.5,2019/8/8 14:58,2012
2019/8/9,2019/8/9 9:01,2014,2019/8/9 14:58,1935.5
2019/8/12,2019/8/12 9:01,1942.5,2019/8/12 14:58,2005
2019/8/13,2019/8/13 9:01,1998,2019/8/13 14:58,1984
2019/8/14,2019/8/14 9:01,2015.5,2019/8/14 14:58,1971
2019/8/15,2019/8/15 9:01,1984,2019/8/15 14:58,1978.5
2019/8/16,2019/8/16 9:01,1986.5,2019/8/16 14:58,1976.5
2019/8/19,2019/8/19 9:01,1980.5,2019/8/19 14:58,1980
2019/8/20,2019/8/20 9:01,1980.5,2019/8/20 14:58,1984.5
2019/8/21,2019/8/21 9:01,1949,2019/8/21 14:58,1957.5
2019/8/22,2019/8/22 9:01,1958,2019/8/22 14:58,1955.5
2019/8/23,2019/8/23 9:01,1951.5,2019/8/23 14:58,1949.5
2019/8/26,2019/8/26 9:01,1930,2019/8/26 14:58,1882
2019/8/27,2019/8/27 9:01,1878,2019/8/27 14:58,1875
2019/8/28,2019/8/28 9:01,1852.5,2019/8/28 14:58,1886.5
2019/8/29,2019/8/29 9:01,1876,2019/8/29 14:58,1858.5
2019/8/30,2019/8/30 9:01,1878.5,2019/8/30 14:58,1893
2019/9/2,2019/9/2 9:01,1895,2019/9/2 14:58,1916.5
2019/9/3,2019/9/3 9:01,1906.5,2019/9/3 14:58,1887
2019/9/4,2019/9/4 9:01,1892.5,2019/9/4 14:58,1915.5
2019/9/5,2019/9/5 9:01,1922.5,2019/9/5 14:58,1920
2019/9/6,2019/9/6 9:01,1921.5,2019/9/6 14:58,1918
2019/9/9,2019/9/9 9:01,1932.5,2019/9/9 14:58,1963
2019/9/10,2019/9/10 9:01,1957.5,2019/9/10 14:58,1961.5
2019/9/11,2019/9/11 9:01,1960,2019/9/11 14:58,1972.5
2019/9/12,2019/9/12 9:01,1969.5,2019/9/12 14:58,2007
2019/9/16,2019/9/16 9:01,2021,2019/9/16 14:58,2001
2019/9/17,2019/9/17 9:01,1993.5,2019/9/17 14:58,1973
2019/9/18,2019/9/18 9:01,1983,2019/9/18 14:58,1978.5
2019/9/19,2019/9/19 9:01,1989,2019/9/19 14:58,1966
2019/9/20,2019/9/20 9:01,1942.5,2019/9/20 14:58,1941
2019/9/23,2019/9/23 9:01,1945,2019/9/23 14:58,1982.5
2019/9/24,2019/9/24 9:01,1975,2019/9/24 14:58,1892
2019/9/25,2019/9/25 9:01,1883,2019/9/25 14:58,1895
2019/9/26,2019/9/26 9:01,1917,2019/9/26 14:58,1888.5
2019/9/27,2019/9/27 9:01,1884.5,2019/9/27 14:58,1879.5
2019/9/30,2019/9/30 9:01,1905,2019/9/30 14:58,1872
2019/10/8,2019/10/8 9:01,1890,2019/10/8 14:58,1878.5
2019/10/9,2019/10/9 9:01,1881,2019/10/9 14:58,1852
2019/10/10,2019/10/10 9:01,1850,2019/10/10 14:58,1862
2019/10/11,2019/10/11 9:01,1857,2019/10/11 14:58,1860.5
2019/10/14,2019/10/14 9:01,1873.5,2019/10/14 14:58,1809.5
2019/10/15,2019/10/15 9:01,1775,2019/10/15 14:58,1809.5
2019/10/16,2019/10/16 9:01,1813.5,2019/10/16 14:58,1774.5
2019/10/17,2019/10/17 9:01,1782,2019/10/17 14:58,1789.5
2019/10/18,2019/10/18 9:01,1779.5,2019/10/18 14:58,1777.5
2019/10/21,2019/10/21 9:01,1774,2019/10/21 14:58,1741.5
2019/10/22,2019/10/22 9:01,1740,2019/10/22 14:58,1746
2019/10/23,2019/10/23 9:01,1771,2019/10/23 14:58,1768.5
2019/10/24,2019/10/24 9:01,1771,2019/10/24 14:58,1779
2019/10/25,2019/10/25 9:01,1771,2019/10/25 14:58,1794.5
2019/10/28,2019/10/28 9:01,1793.5,2019/10/28 14:58,1745.5
2019/10/29,2019/10/29 9:01,1751.5,2019/10/29 14:58,1756.5
2019/10/30,2019/10/30 9:01,1756.5,2019/10/30 14:58,1746
2019/10/31,2019/10/31 9:01,1743,2019/10/31 14:58,1737
2019/11/1,2019/11/1 9:01,1735,2019/11/1 14:58,1748
2019/11/4,2019/11/4 9:01,1738,2019/11/4 14:58,1735
2019/11/5,2019/11/5 9:01,1736,2019/11/5 14:58,1764
2019/11/6,2019/11/6 9:01,1765.5,2019/11/6 14:58,1750.5
2019/11/7,2019/11/7 9:01,1756,2019/11/7 14:58,1747
2019/11/8,2019/11/8 9:01,1752,2019/11/8 14:58,1751.5
2019/11/11,2019/11/11 9:01,1722.5,2019/11/11 14:58,1696.5
2019/11/12,2019/11/12 9:01,1704.5,2019/11/12 14:58,1720.5
2019/11/13,2019/11/13 9:01,1719.5,2019/11/13 14:58,1711.5
2019/11/14,2019/11/14 9:01,1713,2019/11/14 14:58,1750.5
2019/11/15,2019/11/15 9:01,1761,2019/11/15 14:58,1760.5
2019/11/18,2019/11/18 9:01,1778,2019/11/18 14:58,1756.5
2019/11/19,2019/11/19 9:01,1767,2019/11/19 14:58,1812.5
2019/11/20,2019/11/20 9:01,1807.5,2019/11/20 14:58,1812.5
2019/11/21,2019/11/21 9:01,1804,2019/11/21 14:58,1802.5
2019/11/22,2019/11/22 9:01,1815,2019/11/22 14:58,1815
2019/11/25,2019/11/25 9:01,1895,2019/11/25 14:58,1907.5
2019/11/26,2019/11/26 9:01,1880,2019/11/26 14:58,1859
2019/11/27,2019/11/27 9:01,1858.5,2019/11/27 14:58,1866
2019/11/28,2019/11/28 9:01,1864.5,2019/11/28 14:58,1859
2019/11/29,2019/11/29 9:01,1871.5,2019/11/29 14:58,1849.5
2019/12/2,2019/12/2 9:01,1821,2019/12/2 14:58,1859.5
2019/12/3,2019/12/3 9:01,1859,2019/12/3 14:58,1861.5
2019/12/4,2019/12/4 9:01,1881,2019/12/4 14:58,1874
2019/12/5,2019/12/5 9:01,1884,2019/12/5 14:58,1863
2019/12/6,2019/12/6 9:01,1869.5,2019/12/6 14:58,1872.5
2019/12/9,2019/12/9 9:01,1887,2019/12/9 14:58,1927.5
2019/12/10,2019/12/10 9:01,1932,2019/12/10 14:58,1913.5
2019/12/11,2019/12/11 9:01,1922,2019/12/11 14:58,1915
2019/12/12,2019/12/12 9:01,1841,2019/12/12 14:58,1846
2019/12/13,2019/12/13 9:01,1850,2019/12/13 14:58,1844
2019/12/16,2019/12/16 9:01,1854,2019/12/16 14:58,1827
2019/12/17,2019/12/17 9:01,1826.5,2019/12/17 14:58,1854.5
2019/12/18,2019/12/18 9:01,1862.5,2019/12/18 14:58,1859
2019/12/19,2019/12/19 9:01,1863.5,2019/12/19 14:58,1888.5
2019/12/20,2019/12/20 9:01,1877.5,2019/12/20 14:58,1870.5
2019/12/23,2019/12/23 9:01,1877.5,2019/12/23 14:58,1863
2019/12/24,2019/12/24 9:01,1847,2019/12/24 14:58,1852.5
2019/12/25,2019/12/25 9:01,1848,2019/12/25 14:58,1845
2019/12/26,2019/12/26 9:01,1842,2019/12/26 14:58,1851.5
2019/12/27,2019/12/27 9:01,1861,2019/12/27 14:58,1856
2019/12/30,2019/12/30 9:01,1858,2019/12/30 14:58,1861.5
2019/12/31,2019/12/31 9:01,1866.5,2019/12/31 14:58,1882.5
2020/1/2,2020/1/2 9:01,1893,2020/1/2 14:58,1865.5
2020/1/3,2020/1/3 9:01,1867.5,2020/1/3 14:58,1868.5
2020/1/6,2020/1/6 9:01,1873,2020/1/6 14:58,1879
2020/1/7,2020/1/7 9:01,1883,2020/1/7 14:58,1891
2020/1/8,2020/1/8 9:01,1899.5,2020/1/8 14:58,1909.5
2020/1/9,2020/1/9 9:01,1897,2020/1/9 14:58,1877
2020/1/10,2020/1/10 9:01,1884.5,2020/1/10 14:58,1879.5
2020/1/13,2020/1/13 9:01,1876.5,2020/1/13 14:58,1849
2020/1/14,2020/1/14 9:01,1852.5,2020/1/14 14:58,1860
2020/1/15,2020/1/15 9:01,1858,2020/1/15 14:58,1854
2020/1/16,2020/1/16 9:01,1861.5,2020/1/16 14:58,1858
2020/1/17,2020/1/17 9:01,1862.5,2020/1/17 14:58,1874
2020/1/20,2020/1/20 9:01,1872,2020/1/20 14:58,1881.5
2020/1/21,2020/1/21 9:01,1874,2020/1/21 14:58,1861
2020/1/22,2020/1/22 9:01,1856.5,2020/1/22 14:58,1867
2020/1/23,2020/1/23 9:01,1853,2020/1/23 14:58,1830
2020/2/3,2020/2/3 9:01,1750,2020/2/3 14:58,1737.5
2020/2/4,2020/2/4 9:01,1733.5,2020/2/4 14:58,1779.5
2020/2/5,2020/2/5 9:01,1776,2020/2/5 14:58,1773.5
2020/2/6,2020/2/6 9:01,1775,2020/2/6 14:58,1793
2020/2/7,2020/2/7 9:01,1793,2020/2/7 14:58,1792
2020/2/10,2020/2/10 9:01,1785.5,2020/2/10 14:58,1798.5
2020/2/11,2020/2/11 9:01,1799,2020/2/11 14:58,1853.5
2020/2/12,2020/2/12 9:01,1855.5,2020/2/12 14:58,1887.5
2020/2/13,2020/2/13 9:01,1886,2020/2/13 14:58,1879.5
2020/2/14,2020/2/14 9:01,1880.5,2020/2/14 14:58,1882
2020/2/17,2020/2/17 9:01,1871.5,2020/2/17 14:58,1874
2020/2/18,2020/2/18 9:01,1870,2020/2/18 14:58,1844
2020/2/19,2020/2/19 9:01,1849,2020/2/19 14:58,1840
2020/2/20,2020/2/20 9:01,1845,2020/2/20 14:58,1874.5
2020/2/21,2020/2/21 9:01,1874.5,2020/2/21 14:58,1868
2020/2/24,2020/2/24 9:01,1863,2020/2/24 14:58,1864.5
2020/2/25,2020/2/25 9:01,1845,2020/2/25 14:58,1869
2020/2/26,2020/2/26 9:01,1865,2020/2/26 14:58,1846
2020/2/27,2020/2/27 9:01,1842.5,2020/2/27 14:58,1806.5
2020/2/28,2020/2/28 9:01,1785,2020/2/28 14:58,1787
2020/3/2,2020/3/2 9:01,1788,2020/3/2 14:58,1836.5
2020/3/3,2020/3/3 9:01,1846,2020/3/3 14:58,1828
2020/3/4,2020/3/4 9:01,1822,2020/3/4 14:58,1835.5
2020/3/5,2020/3/5 9:01,1836,2020/3/5 14:58,1828
2020/3/6,2020/3/6 9:01,1825,2020/3/6 14:58,1800
2020/3/9,2020/3/9 9:01,1766,2020/3/9 14:58,1806
2020/3/10,2020/3/10 9:01,1808,2020/3/10 14:58,1821
2020/3/11,2020/3/11 9:01,1821,2020/3/11 14:58,1823.5
2020/3/12,2020/3/12 9:01,1820,2020/3/12 14:58,1827
2020/3/13,2020/3/13 9:01,1815,2020/3/13 14:58,1877
2020/3/16,2020/3/16 9:01,1867,2020/3/16 14:58,1845.5
2020/3/17,2020/3/17 9:01,1839,2020/3/17 14:58,1853.5
2020/3/18,2020/3/18 9:01,1842,2020/3/18 14:58,1831
2020/3/19,2020/3/19 9:01,1830,2020/3/19 14:58,1812.5
2020/3/20,2020/3/20 9:01,1814.5,2020/3/20 14:58,1787.5
2020/3/23,2020/3/23 9:01,1756,2020/3/23 14:58,1765.5
2020/3/24,2020/3/24 9:01,1778,2020/3/24 14:58,1794
2020/3/25,2020/3/25 9:01,1805,2020/3/25 14:58,1799.5
2020/3/26,2020/3/26 9:01,1807,2020/3/26 14:58,1794.5
2020/3/27,2020/3/27 9:01,1795,2020/3/27 14:58,1799.5
2020/3/30,2020/3/30 9:01,1783,2020/3/30 14:58,1765.5
2020/3/31,2020/3/31 9:01,1776,2020/3/31 14:58,1760
2020/4/1,2020/4/1 9:01,1652.5,2020/4/1 14:58,1595
2020/4/2,2020/4/2 9:01,1591.5,2020/4/2 14:58,1665.5
2020/4/3,2020/4/3 9:01,1673,2020/4/3 14:58,1618
2020/4/7,2020/4/7 9:01,1630,2020/4/7 14:58,1645
2020/4/8,2020/4/8 9:01,1639.5,2020/4/8 14:58,1684
2020/4/9,2020/4/9 9:01,1688,2020/4/9 14:58,1696.5
2020/4/10,2020/4/10 9:01,1690,2020/4/10 14:58,1725.5
2020/4/13,2020/4/13 9:01,1730,2020/4/13 14:58,1733
2020/4/14,2020/4/14 9:01,1732,2020/4/14 14:58,1730.5
2020/4/15,2020/4/15 9:01,1727,2020/4/15 14:58,1701
2020/4/16,2020/4/16 9:01,1700,2020/4/16 14:58,1712.5
2020/4/17,2020/4/17 9:01,1717.5,2020/4/17 14:58,1718.5
2020/4/20,2020/4/20 9:01,1720,2020/4/20 14:58,1708.5
2020/4/21,2020/4/21 9:01,1698,2020/4/21 14:58,1673
2020/4/22,2020/4/22 9:01,1660,2020/4/22 14:58,1693
2020/4/23,2020/4/23 9:01,1696.5,2020/4/23 14:58,1684
2020/4/24,2020/4/24 9:01,1683,2020/4/24 14:58,1716
2020/4/27,2020/4/27 9:01,1713,2020/4/27 14:58,1704
2020/4/28,2020/4/28 9:01,1698.5,2020/4/28 14:58,1641.5
2020/4/29,2020/4/29 9:01,1648,2020/4/29 14:58,1656.5
2020/4/30,2020/4/30 9:01,1666,2020/4/30 14:58,1693.5
2020/5/6,2020/5/6 9:01,1709,2020/5/6 14:58,1712
2020/5/7,2020/5/7 9:01,1723.5,2020/5/7 14:58,1743
2020/5/8,2020/5/8 9:01,1759,2020/5/8 14:58,1749
2020/5/11,2020/5/11 9:01,1741.5,2020/5/11 14:58,1729.5
2020/5/12,2020/5/12 9:01,1731,2020/5/12 14:58,1742.5
2020/5/13,2020/5/13 9:01,1725,2020/5/13 14:58,1728.5
2020/5/14,2020/5/14 9:01,1731,2020/5/14 14:58,1773
2020/5/15,2020/5/15 9:01,1775,2020/5/15 14:58,1776
2020/5/18,2020/5/18 9:01,1797,2020/5/18 14:58,1821
2020/5/19,2020/5/19 9:01,1833,2020/5/19 14:58,1840
2020/5/20,2020/5/20 9:01,1825.5,2020/5/20 14:58,1818
2020/5/21,2020/5/21 9:01,1819,2020/5/21 14:58,1853
2020/5/22,2020/5/22 9:01,1837.5,2020/5/22 14:58,1808.5
2020/5/25,2020/5/25 9:01,1854,2020/5/25 14:58,1869.5
2020/5/26,2020/5/26 9:01,1865,2020/5/26 14:58,1875
2020/5/27,2020/5/27 9:01,1857,2020/5/27 14:58,1865
2020/5/28,2020/5/28 9:01,1860,2020/5/28 14:58,1855
2020/5/29,2020/5/29 9:01,1868,2020/5/29 14:58,1878
2020/6/1,2020/6/1 9:01,1897.5,2020/6/1 14:58,1892.5
2020/6/2,2020/6/2 9:01,1899,2020/6/2 14:58,1927
2020/6/3,2020/6/3 9:01,1929,2020/6/3 14:58,1945.5
2020/6/4,2020/6/4 9:01,1953.5,2020/6/4 14:58,1964
2020/6/5,2020/6/5 9:01,1966.5,2020/6/5 14:58,1953
2020/6/8,2020/6/8 9:01,1961,2020/6/8 14:58,1957.5
2020/6/9,2020/6/9 9:01,1950,2020/6/9 14:58,1953.5
2020/6/10,2020/6/10 9:01,1948,2020/6/10 14:58,1961
2020/6/11,2020/6/11 9:01,1964,2020/6/11 14:58,1955
2020/6/12,2020/6/12 9:01,1930.5,2020/6/12 14:58,1967
2020/6/15,2020/6/15 9:01,1966,2020/6/15 14:58,1932
2020/6/16,2020/6/16 9:01,1951.5,2020/6/16 14:58,1947.5
2020/6/17,2020/6/17 9:01,1928,2020/6/17 14:58,1935.5
2020/6/18,2020/6/18 9:01,1938.5,2020/6/18 14:58,1954.5
2020/6/19,2020/6/19 9:01,1958.5,2020/6/19 14:58,1971.5
2020/6/22,2020/6/22 9:01,1969,2020/6/22 14:58,1955.5
2020/6/23,2020/6/23 9:01,1951.5,2020/6/23 14:58,1950
2020/6/24,2020/6/24 9:01,1949,2020/6/24 14:58,1954
2020/6/29,2020/6/29 9:01,1950,2020/6/29 14:58,1887
2020/6/30,2020/6/30 9:01,1890.5,2020/6/30 14:58,1885
2020/7/1,2020/7/1 9:01,1883.5,2020/7/1 14:58,1873.5
2020/7/2,2020/7/2 9:01,1868,2020/7/2 14:58,1872.5
2020/7/3,2020/7/3 9:01,1877.5,2020/7/3 14:58,1872
2020/7/6,2020/7/6 9:01,1850.5,2020/7/6 14:58,1869
2020/7/7,2020/7/7 9:01,1876,2020/7/7 14:58,1877
2020/7/8,2020/7/8 9:01,1893.5,2020/7/8 14:58,1909
2020/7/9,2020/7/9 9:01,1911.5,2020/7/9 14:58,1907
2020/7/10,2020/7/10 9:01,1877.5,2020/7/10 14:58,1875.5
2020/7/13,2020/7/13 9:01,1892.5,2020/7/13 14:58,1915.5
2020/7/14,2020/7/14 9:01,1916.5,2020/7/14 14:58,1896.5
2020/7/15,2020/7/15 9:01,1901.5,2020/7/15 14:58,1895
2020/7/16,2020/7/16 9:01,1883,2020/7/16 14:58,1902.5
2020/7/17,2020/7/17 9:01,1904.5,2020/7/17 14:58,1943
2020/7/20,2020/7/20 9:01,1948,2020/7/20 14:58,1940
2020/7/21,2020/7/21 9:01,1953,2020/7/21 14:58,1959
2020/7/22,2020/7/22 9:01,1968.5,2020/7/22 14:58,1958
2020/7/23,2020/7/23 9:01,1979.5,2020/7/23 14:58,2013
2020/7/24,2020/7/24 9:01,2011,2020/7/24 14:58,1976.5
2020/7/27,2020/7/27 9:01,1984.5,2020/7/27 14:58,1959.5
2020/7/28,2020/7/28 9:01,1970.5,2020/7/28 14:58,1970
2020/7/29,2020/7/29 9:01,1972,2020/7/29 14:58,1978.5
2020/7/30,2020/7/30 9:01,1976,2020/7/30 14:58,1958
2020/7/31,2020/7/31 9:01,1960.5,2020/7/31 14:58,1989
2020/8/3,2020/8/3 9:01,1987.5,2020/8/3 14:58,2018.5
2020/8/4,2020/8/4 9:01,2028,2020/8/4 14:58,2020
2020/8/5,2020/8/5 9:01,2027,2020/8/5 14:58,2041.5
2020/8/6,2020/8/6 9:01,2043.5,2020/8/6 14:58,2043.5
2020/8/7,2020/8/7 9:01,2068,2020/8/7 14:58,2069
2020/8/10,2020/8/10 9:01,2058,2020/8/10 14:58,2048
2020/8/11,2020/8/11 9:01,2030,2020/8/11 14:58,2006.5
2020/8/12,2020/8/12 9:01,1986,2020/8/12 14:58,2012.5
2020/8/13,2020/8/13 9:01,1990,2020/8/13 14:58,1990.5
2020/8/14,2020/8/14 9:01,1992,2020/8/14 14:58,1991
2020/8/17,2020/8/17 9:01,2015,2020/8/17 14:58,1985.5
2020/8/18,2020/8/18 9:01,2009.5,2020/8/18 14:58,1997
2020/8/19,2020/8/19 9:01,1996,2020/8/19 14:58,2005.5
2020/8/20,2020/8/20 9:01,2002.5,2020/8/20 14:58,1958.5
2020/8/21,2020/8/21 9:01,1954,2020/8/21 14:58,1936
2020/8/24,2020/8/24 9:01,1940,2020/8/24 14:58,1943.5
2020/8/25,2020/8/25 9:01,1935,2020/8/25 14:58,1922.5
2020/8/26,2020/8/26 9:01,1918,2020/8/26 14:58,1922.5
2020/8/27,2020/8/27 9:01,1923.5,2020/8/27 14:58,1913.5
2020/8/28,2020/8/28 9:01,1887,2020/8/28 14:58,1939.5
2020/8/31,2020/8/31 9:01,1943,2020/8/31 14:58,1964.5
2020/9/1,2020/9/1 9:01,1970.5,2020/9/1 14:58,1986.5
2020/9/2,2020/9/2 9:01,1985.5,2020/9/2 14:58,2011
2020/9/3,2020/9/3 9:01,2012,2020/9/3 14:58,2036.5
2020/9/4,2020/9/4 9:01,2018.5,2020/9/4 14:58,2030
2020/9/7,2020/9/7 9:01,2038,2020/9/7 14:58,2023.5
2020/9/8,2020/9/8 9:01,2032,2020/9/8 14:58,1994
2020/9/9,2020/9/9 9:01,2015,2020/9/9 14:58,1991.5
2020/9/10,2020/9/10 9:01,1997,2020/9/10 14:58,1962
2020/9/11,2020/9/11 9:01,1963,2020/9/11 14:58,1980
2020/9/14,2020/9/14 9:01,1980,2020/9/14 14:58,1991.5
2020/9/15,2020/9/15 9:01,2012.5,2020/9/15 14:58,1973.5
2020/9/16,2020/9/16 9:01,1954,2020/9/16 14:58,1936
2020/9/17,2020/9/17 9:01,1934,2020/9/17 14:58,1944
2020/9/18,2020/9/18 9:01,1954,2020/9/18 14:58,1986.5
2020/9/21,2020/9/21 9:01,1982.5,2020/9/21 14:58,1948.5
2020/9/22,2020/9/22 9:01,1949,2020/9/22 14:58,1967.5
2020/9/23,2020/9/23 9:01,1963,2020/9/23 14:58,1931.5
2020/9/24,2020/9/24 9:01,1921.5,2020/9/24 14:58,1925
2020/9/25,2020/9/25 9:01,1909,2020/9/25 14:58,1908.5
2020/9/28,2020/9/28 9:01,1915,2020/9/28 14:58,1900
2020/9/29,2020/9/29 9:01,1919,2020/9/29 14:58,1955.5
2020/9/30,2020/9/30 9:01,1961,2020/9/30 14:58,1984.5
2020/10/9,2020/10/9 9:01,2028,2020/10/9 14:58,2079
2020/10/12,2020/10/12 9:01,2072,2020/10/12 14:58,2077
2020/10/13,2020/10/13 9:01,2079,2020/10/13 14:58,2096
2020/10/14,2020/10/14 9:01,2095,2020/10/14 14:58,2095.5
2020/10/15,2020/10/15 9:01,2090,2020/10/15 14:58,2088
2020/10/16,2020/10/16 9:01,2077.5,2020/10/16 14:58,2104
2020/10/19,2020/10/19 9:01,2115,2020/10/19 14:58,2094
2020/10/20,2020/10/20 9:01,2102,2020/10/20 14:58,2106.5
2020/10/21,2020/10/21 9:01,2120,2020/10/21 14:58,2136.5
2020/10/22,2020/10/22 9:01,2136.5,2020/10/22 14:58,2138.5
2020/10/23,2020/10/23 9:01,2142,2020/10/23 14:58,2118.5
2020/10/26,2020/10/26 9:01,2121,2020/10/26 14:58,2145
2020/10/27,2020/10/27 9:01,2160.5,2020/10/27 14:58,2171.5
2020/10/28,2020/10/28 9:01,2173,2020/10/28 14:58,2168
2020/10/29,2020/10/29 9:01,2161,2020/10/29 14:58,2169
2020/10/30,2020/10/30 9:01,2192,2020/10/30 14:58,2190
2020/11/2,2020/11/2 9:01,2218,2020/11/2 14:58,2254
2020/11/3,2020/11/3 9:01,2258,2020/11/3 14:58,2245.5
2020/11/4,2020/11/4 9:01,2322,2020/11/4 14:58,2343
2020/11/5,2020/11/5 9:01,2350,2020/11/5 14:58,2342.5
2020/11/6,2020/11/6 9:01,2370,2020/11/6 14:58,2416
2020/11/9,2020/11/9 9:01,2466,2020/11/9 14:58,2478
2020/11/10,2020/11/10 9:01,2466,2020/11/10 14:58,2421
2020/11/11,2020/11/11 9:01,2431,2020/11/11 14:58,2418.5
2020/11/12,2020/11/12 9:01,2376,2020/11/12 14:58,2395.5
2020/11/13,2020/11/13 9:01,2390,2020/11/13 14:58,2416.5
2020/11/16,2020/11/16 9:01,2439.5,2020/11/16 14:58,2428
2020/11/17,2020/11/17 9:01,2429,2020/11/17 14:58,2423
2020/11/18,2020/11/18 9:01,2412.5,2020/11/18 14:58,2414
2020/11/19,2020/11/19 9:01,2412,2020/11/19 14:58,2417.5
2020/11/20,2020/11/20 9:01,2413,2020/11/20 14:58,2475
2020/11/23,2020/11/23 9:01,2487,2020/11/23 14:58,2422
2020/11/24,2020/11/24 9:01,2416,2020/11/24 14:58,2420
2020/11/25,2020/11/25 9:01,2422,2020/11/25 14:58,2410
2020/11/26,2020/11/26 9:01,2416,2020/11/26 14:58,2439
2020/11/27,2020/11/27 9:01,2459.5,2020/11/27 14:58,2451.5
2020/11/30,2020/11/30 9:01,2445,2020/11/30 14:58,2467
2020/12/1,2020/12/1 9:01,2480,2020/12/1 14:58,2533
2020/12/2,2020/12/2 9:01,2531,2020/12/2 14:58,2570
2020/12/3,2020/12/3 9:01,2538.5,2020/12/3 14:58,2534
2020/12/4,2020/12/4 9:01,2535.5,2020/12/4 14:58,2561.5
2020/12/7,2020/12/7 9:01,2540,2020/12/7 14:58,2586
2020/12/8,2020/12/8 9:01,2577,2020/12/8 14:58,2543
2020/12/9,2020/12/9 9:01,2560.5,2020/12/9 14:58,2609
2020/12/10,2020/12/10 9:01,2624,2020/12/10 14:58,2618
2020/12/11,2020/12/11 9:01,2631,2020/12/11 14:58,2607.5
2020/12/14,2020/12/14 9:01,2524,2020/12/14 14:58,2469.5
2020/12/15,2020/12/15 9:01,2488.5,2020/12/15 14:58,2533
2020/12/16,2020/12/16 9:01,2525.5,2020/12/16 14:58,2552
2020/12/17,2020/12/17 9:01,2565,2020/12/17 14:58,2584
2020/12/18,2020/12/18 9:01,2645,2020/12/18 14:58,2657.5
2020/12/21,2020/12/21 9:01,2800,2020/12/21 14:58,2835.5
2020/12/22,2020/12/22 9:01,2828,2020/12/22 14:58,2717
2020/12/23,2020/12/23 9:01,2700,2020/12/23 14:58,2711
2020/12/24,2020/12/24 9:01,2752,2020/12/24 14:58,2748.5
2020/12/25,2020/12/25 9:01,2759.5,2020/12/25 14:58,2847.5
2020/12/28,2020/12/28 9:01,2854.5,2020/12/28 14:58,2836
2020/12/29,2020/12/29 9:01,2847,2020/12/29 14:58,2792.5
2020/12/30,2020/12/30 9:01,2809,2020/12/30 14:58,2822
2020/12/31,2020/12/31 9:01,2794,2020/12/31 14:58,2814
2021/1/4,2021/1/4 9:01,2835,2021/1/4 14:58,2931.5
2021/1/5,2021/1/5 9:01,2959.5,2021/1/5 14:58,2993.5
2021/1/6,2021/1/6 9:01,3001,2021/1/6 14:58,2980.5
2021/1/7,2021/1/7 9:01,2967.5,2021/1/7 14:58,2998
2021/1/8,2021/1/8 9:01,2954,2021/1/8 14:58,2931.5
2021/1/11,2021/1/11 9:01,2858,2021/1/11 14:58,2849.5
2021/1/12,2021/1/12 9:01,2735,2021/1/12 14:58,2771.5
2021/1/13,2021/1/13 9:01,2790,2021/1/13 14:58,2710.5
2021/1/14,2021/1/14 9:01,2723.5,2021/1/14 14:58,2747
2021/1/15,2021/1/15 9:01,2830.5,2021/1/15 14:58,2783
2021/1/18,2021/1/18 9:01,2781.5,2021/1/18 14:58,2773.5
2021/1/19,2021/1/19 9:01,2720.5,2021/1/19 14:58,2678
2021/1/20,2021/1/20 9:01,2702.5,2021/1/20 14:58,2715.5
2021/1/21,2021/1/21 9:01,2741.5,2021/1/21 14:58,2795
2021/1/22,2021/1/22 9:01,2810.5,2021/1/22 14:58,2778
2021/1/25,2021/1/25 9:01,2755,2021/1/25 14:58,2708
2021/1/26,2021/1/26 9:01,2726.5,2021/1/26 14:58,2626
2021/1/27,2021/1/27 9:01,2640,2021/1/27 14:58,2658
2021/1/28,2021/1/28 9:01,2607.5,2021/1/28 14:58,2603.5
2021/1/29,2021/1/29 9:01,2566,2021/1/29 14:58,2553.5
2021/2/1,2021/2/1 9:01,2580.5,2021/2/1 14:58,2547.5
2021/2/2,2021/2/2 9:01,2528.5,2021/2/2 14:58,2482
2021/2/3,2021/2/3 9:01,2472,2021/2/3 14:58,2486
2021/2/4,2021/2/4 9:01,2495,2021/2/4 14:58,2547
2021/2/5,2021/2/5 9:01,2562,2021/2/5 14:58,2550.5
2021/2/8,2021/2/8 9:01,2564,2021/2/8 14:58,2596
2021/2/9,2021/2/9 9:01,2609.5,2021/2/9 14:58,2635.5
2021/2/10,2021/2/10 9:01,2629,2021/2/10 14:58,2595
2021/2/18,2021/2/18 9:01,2671.5,2021/2/18 14:58,2763.5
2021/2/19,2021/2/19 9:01,2751,2021/2/19 14:58,2710
2021/2/22,2021/2/22 9:01,2714,2021/2/22 14:58,2615.5
2021/2/23,2021/2/23 9:01,2619.5,2021/2/23 14:58,2574
2021/2/24,2021/2/24 9:01,2571,2021/2/24 14:58,2582
2021/2/25,2021/2/25 9:01,2597.5,2021/2/25 14:58,2625.5
2021/2/26,2021/2/26 9:01,2553,2021/2/26 14:58,2536.5
2021/3/1,2021/3/1 9:01,2580,2021/3/1 14:58,2484.5
2021/3/2,2021/3/2 9:01,2460.5,2021/3/2 14:58,2556
2021/3/3,2021/3/3 9:01,2521.5,2021/3/3 14:58,2520
2021/3/4,2021/3/4 9:01,2478.5,2021/3/4 14:58,2485
2021/3/5,2021/3/5 9:01,2349,2021/3/5 14:58,2348.5
2021/3/8,2021/3/8 9:01,2341,2021/3/8 14:58,2339
2021/3/9,2021/3/9 9:01,2345,2021/3/9 14:58,2268.5
2021/3/10,2021/3/10 9:01,2298.5,2021/3/10 14:58,2312.5
2021/3/11,2021/3/11 9:01,2308,2021/3/11 14:58,2358
2021/3/12,2021/3/12 9:01,2343.5,2021/3/12 14:58,2244
2021/3/15,2021/3/15 9:01,2249.5,2021/3/15 14:58,2227.5
2021/3/16,2021/3/16 9:01,2235,2021/3/16 14:58,2262
2021/3/17,2021/3/17 9:01,2265,2021/3/17 14:58,2316
2021/3/18,2021/3/18 9:01,2339.5,2021/3/18 14:58,2336.5
2021/3/19,2021/3/19 9:01,2335,2021/3/19 14:58,2247
2021/3/22,2021/3/22 9:01,2234,2021/3/22 14:58,2134
2021/3/23,2021/3/23 9:01,2148.5,2021/3/23 14:58,2150.5
2021/3/24,2021/3/24 9:01,2117,2021/3/24 14:58,2144
2021/3/25,2021/3/25 9:01,2147,2021/3/25 14:58,2170.5
2021/3/26,2021/3/26 9:01,2182,2021/3/26 14:58,2209
2021/3/29,2021/3/29 9:01,2285,2021/3/29 14:58,2299
2021/3/30,2021/3/30 9:01,2272,2021/3/30 14:58,2272.5
2021/3/31,2021/3/31 9:01,2277,2021/3/31 14:58,2322
2021/4/1,2021/4/1 9:01,2322,2021/4/1 14:58,2332.5
2021/4/2,2021/4/2 9:01,2381.5,2021/4/2 14:58,2386.5
2021/4/6,2021/4/6 9:01,2385,2021/4/6 14:58,2376
2021/4/7,2021/4/7 9:01,2382,2021/4/7 14:58,2391.5
2021/4/8,2021/4/8 9:01,2374,2021/4/8 14:58,2386
2021/4/9,2021/4/9 9:01,2440,2021/4/9 14:58,2368.5
2021/4/12,2021/4/12 9:01,2332,2021/4/12 14:58,2390.5
2021/4/13,2021/4/13 9:01,2407,2021/4/13 14:58,2433
2021/4/14,2021/4/14 9:01,2441,2021/4/14 14:58,2473.5
2021/4/15,2021/4/15 9:01,2461.5,2021/4/15 14:58,2423
2021/4/16,2021/4/16 9:01,2473,2021/4/16 14:58,2471.5
2021/4/19,2021/4/19 9:01,2555,2021/4/19 14:58,2519
2021/4/20,2021/4/20 9:01,2527.5,2021/4/20 14:58,2583.5
2021/4/21,2021/4/21 9:01,2575.5,2021/4/21 14:58,2578
2021/4/22,2021/4/22 9:01,2594,2021/4/22 14:58,2599
2021/4/23,2021/4/23 9:01,2612.5,2021/4/23 14:58,2590
2021/4/26,2021/4/26 9:01,2639,2021/4/26 14:58,2680.5
2021/4/27,2021/4/27 9:01,2690,2021/4/27 14:58,2681
2021/4/28,2021/4/28 9:01,2667.5,2021/4/28 14:58,2675.5
2021/4/29,2021/4/29 9:01,2670,2021/4/29 14:58,2706
2021/4/30,2021/4/30 9:01,2638,2021/4/30 14:58,2609
2021/5/6,2021/5/6 9:01,2685.5,2021/5/6 14:58,2800
2021/5/7,2021/5/7 9:01,2847,2021/5/7 14:58,2834.5
2021/5/10,2021/5/10 9:01,2880,2021/5/10 14:58,2963
2021/5/11,2021/5/11 9:01,2788.5,2021/5/11 14:58,2825.5
2021/5/12,2021/5/12 9:01,2799,2021/5/12 14:58,2860
2021/5/13,2021/5/13 9:01,2828.5,2021/5/13 14:58,2727.5
2021/5/14,2021/5/14 9:01,2698,2021/5/14 14:58,2617
2021/5/17,2021/5/17 9:01,2620,2021/5/17 14:58,2632
2021/5/18,2021/5/18 9:01,2645,2021/5/18 14:58,2661
2021/5/19,2021/5/19 9:01,2640,2021/5/19 14:58,2574.5
2021/5/20,2021/5/20 9:01,2455,2021/5/20 14:58,2495
2021/5/21,2021/5/21 9:01,2417.5,2021/5/21 14:58,2373.5
2021/5/24,2021/5/24 9:01,2354,2021/5/24 14:58,2381.5
2021/5/25,2021/5/25 9:01,2400,2021/5/25 14:58,2369.5
2021/5/26,2021/5/26 9:01,2386.5,2021/5/26 14:58,2360
2021/5/27,2021/5/27 9:01,2360,2021/5/27 14:58,2421
2021/5/28,2021/5/28 9:01,2444,2021/5/28 14:58,2428.5
2021/5/31,2021/5/31 9:01,2506,2021/5/31 14:58,2480
2021/6/1,2021/6/1 9:01,2515,2021/6/1 14:58,2581.5
2021/6/2,2021/6/2 9:01,2558,2021/6/2 14:58,2588.5
2021/6/3,2021/6/3 9:01,2648,2021/6/3 14:58,2693.5
2021/6/4,2021/6/4 9:01,2581.5,2021/6/4 14:58,2543
2021/6/7,2021/6/7 9:01,2557,2021/6/7 14:58,2499
2021/6/8,2021/6/8 9:01,2510,2021/6/8 14:58,2551.5
2021/6/9,2021/6/9 9:01,2576.5,2021/6/9 14:58,2623
2021/6/10,2021/6/10 9:01,2643.5,2021/6/10 14:58,2585.5
2021/6/11,2021/6/11 9:01,2684.5,2021/6/11 14:58,2719
2021/6/15,2021/6/15 9:01,2700,2021/6/15 14:58,2733
2021/6/16,2021/6/16 9:01,2726,2021/6/16 14:58,2688.5
2021/6/17,2021/6/17 9:01,2694.5,2021/6/17 14:58,2755.5
2021/6/18,2021/6/18 9:01,2815,2021/6/18 14:58,2692
2021/6/21,2021/6/21 9:01,2665,2021/6/21 14:58,2611.5
2021/6/22,2021/6/22 9:01,2628,2021/6/22 14:58,2681.5
2021/6/23,2021/6/23 9:01,2686.5,2021/6/23 14:58,2780.5
2021/6/24,2021/6/24 9:01,2804,2021/6/24 14:58,2791
2021/6/25,2021/6/25 9:01,2842,2021/6/25 14:58,2822
2021/6/28,2021/6/28 9:01,2803,2021/6/28 14:58,2717
2021/6/29,2021/6/29 9:01,2678,2021/6/29 14:58,2632.5
2021/6/30,2021/6/30 9:01,2641,2021/6/30 14:58,2636.5
2021/7/1,2021/7/1 9:01,2640,2021/7/1 14:58,2580
2021/7/2,2021/7/2 9:01,2573.5,2021/7/2 14:58,2654
2021/7/5,2021/7/5 9:01,2633.5,2021/7/5 14:58,2671
2021/7/6,2021/7/6 9:01,2711.5,2021/7/6 14:58,2637
2021/7/7,2021/7/7 9:01,2605.5,2021/7/7 14:58,2621
2021/7/8,2021/7/8 9:01,2540,2021/7/8 14:58,2470.5
2021/7/9,2021/7/9 9:01,2489,2021/7/9 14:58,2492.5
2021/7/12,2021/7/12 9:01,2510.5,2021/7/12 14:58,2515.5
2021/7/13,2021/7/13 9:01,2530,2021/7/13 14:58,2555.5
2021/7/14,2021/7/14 9:01,2553.5,2021/7/14 14:58,2587.5
2021/7/15,2021/7/15 9:01,2575.5,2021/7/15 14:58,2631
2021/7/16,2021/7/16 9:01,2652,2021/7/16 14:58,2696
2021/7/19,2021/7/19 9:01,2687,2021/7/19 14:58,2658.5
2021/7/20,2021/7/20 9:01,2648.5,2021/7/20 14:58,2730
2021/7/21,2021/7/21 9:01,2745.5,2021/7/21 14:58,2737.5
2021/7/22,2021/7/22 9:01,2715,2021/7/22 14:58,2737.5
2021/7/23,2021/7/23 9:01,2790,2021/7/23 14:58,2765.5
2021/7/26,2021/7/26 9:01,2805,2021/7/26 14:58,2869.5
2021/7/27,2021/7/27 9:01,2868.5,2021/7/27 14:58,2863.5
2021/7/28,2021/7/28 9:01,2901.5,2021/7/28 14:58,2947.5
2021/7/29,2021/7/29 9:01,2939,2021/7/29 14:58,2970
2021/7/30,2021/7/30 9:01,2960,2021/7/30 14:58,2931.5
2021/8/2,2021/8/2 9:01,2879,2021/8/2 14:58,2905
2021/8/3,2021/8/3 9:01,2883.5,2021/8/3 14:58,2821.5
2021/8/4,2021/8/4 9:01,2885,2021/8/4 14:58,2946.5
2021/8/5,2021/8/5 9:01,2970.5,2021/8/5 14:58,2945.5
2021/8/6,2021/8/6 9:01,2981.5,2021/8/6 14:58,2978
2021/8/9,2021/8/9 9:01,3040,2021/8/9 14:58,3007
2021/8/10,2021/8/10 9:01,3004,2021/8/10 14:58,3076
2021/8/11,2021/8/11 9:01,3108,2021/8/11 14:58,3126
2021/8/12,2021/8/12 9:01,3127,2021/8/12 14:58,3103.5
2021/8/13,2021/8/13 9:01,3140,2021/8/13 14:58,3146.5
2021/8/16,2021/8/16 9:01,3173,2021/8/16 14:58,3200.5
2021/8/17,2021/8/17 9:01,2884.5,2021/8/17 14:58,2945
2021/8/18,2021/8/18 9:01,2931,2021/8/18 14:58,2847
2021/8/19,2021/8/19 9:01,2819,2021/8/19 14:58,2871.5
2021/8/20,2021/8/20 9:01,2801,2021/8/20 14:58,2830
2021/8/23,2021/8/23 9:01,2988,2021/8/23 14:58,3053.5
2021/8/24,2021/8/24 9:01,3240,2021/8/24 14:58,3149
2021/8/25,2021/8/25 9:01,3228,2021/8/25 14:58,3295.5
2021/8/26,2021/8/26 9:01,3283,2021/8/26 14:58,3219.5
2021/8/27,2021/8/27 9:01,3100,2021/8/27 14:58,3159.5
2021/8/30,2021/8/30 9:01,3085,2021/8/30 14:58,3181
2021/8/31,2021/8/31 9:01,3160,2021/8/31 14:58,3159
2021/9/1,2021/9/1 9:01,3158,2021/9/1 14:58,3193
2021/9/2,2021/9/2 9:01,3242.5,2021/9/2 14:58,3366.5
2021/9/3,2021/9/3 9:01,3368.5,2021/9/3 14:58,3344
2021/9/6,2021/9/6 9:01,3344.5,2021/9/6 14:58,3481.5
2021/9/7,2021/9/7 9:01,3570,2021/9/7 14:58,3643.5
2021/9/8,2021/9/8 9:01,3588,2021/9/8 14:58,3596
2021/9/9,2021/9/9 9:01,3710,2021/9/9 14:58,3784
2021/9/10,2021/9/10 9:01,3744,2021/9/10 14:58,3511.5
2021/9/13,2021/9/13 9:01,3575,2021/9/13 14:58,3399.5
2021/9/14,2021/9/14 9:01,3365,2021/9/14 14:58,3340.5
2021/9/15,2021/9/15 9:01,3262.5,2021/9/15 14:58,3355
2021/9/16,2021/9/16 9:01,3389,2021/9/16 14:58,3193
2021/9/17,2021/9/17 9:01,3244.5,2021/9/17 14:58,3199.5
2021/9/22,2021/9/22 9:01,3200,2021/9/22 14:58,3409
2021/9/23,2021/9/23 9:01,3465,2021/9/23 14:58,3477.5
2021/9/24,2021/9/24 9:01,3325,2021/9/24 14:58,3205
2021/9/27,2021/9/27 9:01,3256.5,2021/9/27 14:58,3190
2021/9/28,2021/9/28 9:01,3277,2021/9/28 14:58,3407
2021/9/29,2021/9/29 9:01,3393.5,2021/9/29 14:58,3361
2021/9/30,2021/9/30 9:01,3402.5,2021/9/30 14:58,3541.5
2021/10/8,2021/10/8 9:01,3546,2021/10/8 14:58,3492.5
2021/10/11,2021/10/11 9:01,3560,2021/10/11 14:58,3720
2021/10/12,2021/10/12 9:01,3787,2021/10/12 14:58,3779.5
2021/10/13,2021/10/13 9:01,3917,2021/10/13 14:58,3846.5
2021/10/14,2021/10/14 9:01,3780,2021/10/14 14:58,3859.5
2021/10/15,2021/10/15 9:01,3947.5,2021/10/15 14:58,4105
2021/10/18,2021/10/18 9:01,4156,2021/10/18 14:58,4343.5
2021/10/19,2021/10/19 9:01,4419.5,2021/10/19 14:58,4466
2021/10/20,2021/10/20 9:01,4039,2021/10/20 14:58,4039
2021/10/21,2021/10/21 9:01,3999.5,2021/10/21 14:58,3663.5
2021/10/22,2021/10/22 9:01,3788,2021/10/22 14:58,3559
2021/10/25,2021/10/25 9:01,3666,2021/10/25 14:58,3728
2021/10/26,2021/10/26 9:01,3790,2021/10/26 14:58,3789
2021/10/27,2021/10/27 9:01,3513,2021/10/27 14:58,3430
2021/10/28,2021/10/28 9:01,3201,2021/10/28 14:58,3201
2021/10/29,2021/10/29 9:01,3182,2021/10/29 14:58,2965.5
2021/11/1,2021/11/1 9:01,3040,2021/11/1 14:58,2907
2021/11/2,2021/11/2 9:01,3020,2021/11/2 14:58,2995
